id,name,email
1,Darsie Tothe,dtothe0@umn.edu
2,Ilka Winterbottom,iwinterbottom1@cdc.gov
3,Addy Scherme,ascherme2@people.com.cn
4,Loralie Skalls,lskalls3@thetimes.co.uk
5,Arne Peirce,apeirce4@pcworld.com
6,Aprilette Bridgman,abridgman5@engadget.com
7,Felice MacGillacolm,fmacgillacolm6@360.cn
8,Mylo Ogle,mogle7@phpbb.com
9,Carolynn Carlow,ccarlow8@wikipedia.org
10,Rochelle Featherstonehaugh,rfeatherstonehaugh9@cnn.com
11,Gertrude Thams,gthamsa@google.fr
12,Dorine Addekin,daddekinb@elegantthemes.com
13,Tatiania Lindsley,tlindsleyc@comcast.net
14,Taddeo Lyard,tlyardd@tinypic.com
15,Jacinda Ida,jidae@51.la
16,Heloise Habbijam,hhabbijamf@ocn.ne.jp
17,Heida Bonnier,hbonnierg@yelp.com
18,Norry Tremmel,ntremmelh@abc.net.au
19,Alma Van Der Vlies,avani@domainmarket.com
20,Eugene Hawtrey,ehawtreyj@google.es
21,Orelia Voaden,ovoadenk@ucoz.ru
22,Hortense Rollins,hrollinsl@cornell.edu
23,April Jaszczak,ajaszczakm@1688.com
24,Giffy Darwen,gdarwenn@surveymonkey.com
25,Mar Klimkovich,mklimkovicho@deliciousdays.com
26,Deanna Maryon,dmaryonp@angelfire.com
27,Gianina Franzotto,gfranzottoq@istockphoto.com
28,Leicester Pietruschka,lpietruschkar@e-recht24.de
29,Yasmeen Bloxholm,ybloxholms@flickr.com
30,Chastity Jerome,cjeromet@tripadvisor.com
31,Dannel Wainscot,dwainscotu@cargocollective.com
32,Adler Siaskowski,asiaskowskiv@printfriendly.com
33,Jacob Strawbridge,jstrawbridgew@geocities.com
34,Lucius Addey,laddeyx@oaic.gov.au
35,Rosetta Lampen,rlampeny@state.gov
36,Stephanus Chaters,schatersz@goodreads.com
37,Herta Haimes,hhaimes10@npr.org
38,Eldredge Deering,edeering11@xinhuanet.com
39,Cullen Cisco,ccisco12@ebay.com
40,Adele Werrilow,awerrilow13@jigsy.com
41,Shanda Sothcott,ssothcott14@twitter.com
42,Rosaleen McNirlan,rmcnirlan15@google.es
43,Kaile Armfirld,karmfirld16@wiley.com
44,Freeman Condell,fcondell17@ow.ly
45,Montgomery Nisen,mnisen18@google.cn
46,Tanney Golson,tgolson19@vinaora.com
47,Emera Aubrun,eaubrun1a@1688.com
48,Elijah Scaife,escaife1b@1und1.de
49,Merill Durant,mdurant1c@google.co.uk
50,Enrichetta Ferretti,eferretti1d@comsenz.com
51,Cosetta Wiltshaw,cwiltshaw1e@scribd.com
52,Lulu Bartlomiej,lbartlomiej1f@linkedin.com
53,Coral Sidey,csidey1g@accuweather.com
54,Ilyssa Fisby,ifisby1h@geocities.jp
55,Hanna Lamartine,hlamartine1i@gmpg.org
56,Ky Lambole,klambole1j@statcounter.com
57,Garwin Blamey,gblamey1k@mlb.com
58,Blakeley Haitlie,bhaitlie1l@domainmarket.com
59,Nikaniki Lindbergh,nlindbergh1m@indiatimes.com
60,Wolfy Copozio,wcopozio1n@amazon.com
61,Tracy Fisbey,tfisbey1o@eepurl.com
62,Lorne Jakubovits,ljakubovits1p@diigo.com
63,Loy Bownde,lbownde1q@businesswire.com
64,Sonya Clemintoni,sclemintoni1r@cornell.edu
65,Felicdad Franzotto,ffranzotto1s@kickstarter.com
66,Peta Castillou,pcastillou1t@theguardian.com
67,Arliene Harner,aharner1u@gov.uk
68,Zaria O'Shesnan,zoshesnan1v@mlb.com
69,Josselyn Haxley,jhaxley1w@unicef.org
70,Michaelina Ciepluch,mciepluch1x@cbc.ca
71,Lil Sedman,lsedman1y@google.it
72,Pincas Brennans,pbrennans1z@fema.gov
73,Agathe Munnery,amunnery20@skype.com
74,Phyllys Layhe,playhe21@weather.com
75,Kendra Lassetter,klassetter22@ihg.com
76,Winfield MacNish,wmacnish23@ask.com
77,Brit Pateman,bpateman24@vimeo.com
78,Kalli Covelle,kcovelle25@cdbaby.com
79,Hunt Ismead,hismead26@uiuc.edu
80,Dorine Float,dfloat27@ucsd.edu
81,Stanislas Cavil,scavil28@tripod.com
82,Chelsey Lideard,clideard29@squarespace.com
83,Doloritas Marcham,dmarcham2a@eepurl.com
84,Angelique Saipy,asaipy2b@bloglines.com
85,Shepard Lauxmann,slauxmann2c@ycombinator.com
86,Kimmie Fawltey,kfawltey2d@t.co
87,Ted Gai,tgai2e@wix.com
88,Keeley O'Shaughnessy,koshaughnessy2f@bluehost.com
89,Tilda Di Nisco,tdi2g@independent.co.uk
90,Aubine Anderl,aanderl2h@boston.com
91,Dwight Warbys,dwarbys2i@photobucket.com
92,Gael Goodridge,ggoodridge2j@issuu.com
93,Shelden Freund,sfreund2k@twitter.com
94,Beryle Deener,bdeener2l@imageshack.us
95,Brianna Barton,bbarton2m@disqus.com
96,Agneta Arndtsen,aarndtsen2n@sogou.com
97,Anna Beed,abeed2o@yandex.ru
98,Donal Macallam,dmacallam2p@deliciousdays.com
99,Nicolle Isack,nisack2q@alibaba.com
100,Ellerey Mathie,emathie2r@canalblog.com
101,Kevin Dulake,kdulake2s@dion.ne.jp
102,Cami Kobpa,ckobpa2t@google.com.hk
103,Roshelle Freckingham,rfreckingham2u@bandcamp.com
104,Loralie Oxteby,loxteby2v@deviantart.com
105,Pavel Brockbank,pbrockbank2w@ted.com
106,Pammy Longmaid,plongmaid2x@lycos.com
107,Mandy Gaddes,mgaddes2y@reverbnation.com
108,Leeland Drawmer,ldrawmer2z@geocities.com
109,Micaela Rait,mrait30@cnbc.com
110,Janek Burgill,jburgill31@typepad.com
111,Mireielle Hawgood,mhawgood32@w3.org
112,Maura Allflatt,mallflatt33@mysql.com
113,Noak McKay,nmckay34@cnet.com
114,Ky Cullrford,kcullrford35@youtu.be
115,Min Kemston,mkemston36@vinaora.com
116,Bartlett Oboy,boboy37@linkedin.com
117,Ali Charte,acharte38@mail.ru
118,Tomkin Shevlane,tshevlane39@cocolog-nifty.com
119,Estella Martland,emartland3a@taobao.com
120,Ruthy Jentet,rjentet3b@studiopress.com
121,Karil Antonelli,kantonelli3c@accuweather.com
122,Debi Tranckle,dtranckle3d@youtube.com
123,Lark Bavin,lbavin3e@va.gov
124,Malchy Whitear,mwhitear3f@wsj.com
125,Modesta Bowick,mbowick3g@cyberchimps.com
126,Lannie Pedri,lpedri3h@adobe.com
127,Andriette Street,astreet3i@trellian.com
128,Annabel Draycott,adraycott3j@samsung.com
129,Hobie Hugenin,hhugenin3k@issuu.com
130,Stephie Fusco,sfusco3l@blinklist.com
131,Padgett Jerke,pjerke3m@blinklist.com
132,Dulcinea Belliard,dbelliard3n@house.gov
133,Aldin Parmer,aparmer3o@xrea.com
134,Devinne Fateley,dfateley3p@delicious.com
135,Gard Garnson,ggarnson3q@redcross.org
136,Anselma Vinau,avinau3r@photobucket.com
137,Andrea MacPharlain,amacpharlain3s@discuz.net
138,Andre Valadez,avaladez3t@yahoo.com
139,Christal Roser,croser3u@alibaba.com
140,Yancey Songust,ysongust3v@irs.gov
141,Lana Chiles,lchiles3w@yale.edu
142,Allegra Jeannesson,ajeannesson3x@rakuten.co.jp
143,Gaultiero Dunton,gdunton3y@cisco.com
144,Penny Varty,pvarty3z@shareasale.com
145,Stuart Gowthorpe,sgowthorpe40@mtv.com
146,Giuditta Broader,gbroader41@liveinternet.ru
147,Zelda Dudden,zdudden42@thetimes.co.uk
148,Mavis Simonetto,msimonetto43@etsy.com
149,Farr Trenoweth,ftrenoweth44@jiathis.com
150,Ludvig Haddington,lhaddington45@berkeley.edu
151,Ellie Flucker,eflucker46@nasa.gov
152,Harlene Cockin,hcockin47@elegantthemes.com
153,Barry Quarlis,bquarlis48@youtu.be
154,Blayne Robottom,brobottom49@npr.org
155,Michel Close,mclose4a@mapy.cz
156,Rafi Redier,rredier4b@google.co.uk
157,Agatha Snary,asnary4c@time.com
158,Lilly MacCathay,lmaccathay4d@xinhuanet.com
159,Correna Neillans,cneillans4e@wufoo.com
160,Gail Franek,gfranek4f@zimbio.com
161,Chery Aspinall,caspinall4g@shop-pro.jp
162,Ware Burleton,wburleton4h@globo.com
163,Garrek Kitchingman,gkitchingman4i@cmu.edu
164,Katie Spurnier,kspurnier4j@amazonaws.com
165,Dallon Lunbech,dlunbech4k@sbwire.com
166,Cindra Birley,cbirley4l@ovh.net
167,Joan Lundon,jlundon4m@dropbox.com
168,Svend Ridgers,sridgers4n@mozilla.com
169,Billie Briddock,bbriddock4o@facebook.com
170,Hardy Bee,hbee4p@rediff.com
171,Andria Smaile,asmaile4q@weebly.com
172,Angelico Prantl,aprantl4r@apache.org
173,Finlay McKeating,fmckeating4s@jimdo.com
174,Fabio Hunt,fhunt4t@jalbum.net
175,Caron Burchill,cburchill4u@goo.gl
176,Giuditta Kippling,gkippling4v@google.pl
177,Roth Varren,rvarren4w@mediafire.com
178,Christen Dudin,cdudin4x@unicef.org
179,Ansel Zebedee,azebedee4y@arizona.edu
180,Monah Sumner,msumner4z@lycos.com
181,Jeramey Scally,jscally50@barnesandnoble.com
182,Byran Hanhard,bhanhard51@1und1.de
183,Nertie McTrustam,nmctrustam52@globo.com
184,Ginevra Greenroad,ggreenroad53@omniture.com
185,Bucky Ebbitt,bebbitt54@booking.com
186,Martha Eitter,meitter55@arstechnica.com
187,Glenden Danels,gdanels56@freewebs.com
188,Bern Scrinage,bscrinage57@last.fm
189,Rinaldo Accombe,raccombe58@usda.gov
190,Ginny Quantick,gquantick59@time.com
191,Nadeen Rosenqvist,nrosenqvist5a@unblog.fr
192,Leese Edis,ledis5b@census.gov
193,Stern Gauden,sgauden5c@irs.gov
194,Nydia Rehor,nrehor5d@adobe.com
195,Dame Juara,djuara5e@sbwire.com
196,Ellary Rosone,erosone5f@alexa.com
197,Nydia Gully,ngully5g@mapquest.com
198,Teena Swine,tswine5h@dailymail.co.uk
199,Clarine Fulks,cfulks5i@surveymonkey.com
200,Livvy Lisle,llisle5j@deliciousdays.com
201,Fin Gecke,fgecke5k@weather.com
202,Patrice Mackrell,pmackrell5l@state.gov
203,Jennica Fairfull,jfairfull5m@mysql.com
204,Tallie Partrick,tpartrick5n@sfgate.com
205,Jeramie Chartre,jchartre5o@1und1.de
206,Tiffy Jendrassik,tjendrassik5p@de.vu
207,Maris Canet,mcanet5q@ocn.ne.jp
208,Ruthi Edworthye,redworthye5r@facebook.com
209,Sherri Dahlen,sdahlen5s@goodreads.com
210,Otto Gritskov,ogritskov5t@ihg.com
211,Padgett Gullis,pgullis5u@wikipedia.org
212,Erma Denyer,edenyer5v@hexun.com
213,Alberik Thynne,athynne5w@studiopress.com
214,Fidole Castagneto,fcastagneto5x@independent.co.uk
215,Weston Willmore,wwillmore5y@parallels.com
216,Giulia Twelftree,gtwelftree5z@cmu.edu
217,Callean M'cowis,cmcowis60@deliciousdays.com
218,Rosana Mahmood,rmahmood61@marriott.com
219,Krista Jachimak,kjachimak62@wikia.com
220,Humfrey Steinhammer,hsteinhammer63@behance.net
221,Fidel Haworth,fhaworth64@nasa.gov
222,Lexi Alwood,lalwood65@nytimes.com
223,Nataline Raoult,nraoult66@fc2.com
224,Elberta Hullin,ehullin67@kickstarter.com
225,Jerrylee Wyre,jwyre68@umn.edu
226,Leeanne Lakeman,llakeman69@cbc.ca
227,Briana Mulran,bmulran6a@storify.com
228,Sashenka Lurriman,slurriman6b@yahoo.com
229,Sella Giacopetti,sgiacopetti6c@cornell.edu
230,Annissa Knock,aknock6d@bloomberg.com
231,Mead Burcher,mburcher6e@msn.com
232,Benito Trevna,btrevna6f@sohu.com
233,Ingram Stickings,istickings6g@senate.gov
234,Dexter Moors,dmoors6h@home.pl
235,Ursola Emery,uemery6i@joomla.org
236,Morena Brettell,mbrettell6j@feedburner.com
237,Teddy Menere,tmenere6k@omniture.com
238,Rockey Yuryshev,ryuryshev6l@hostgator.com
239,Ransell Teasell,rteasell6m@imdb.com
240,Bobbee Houlaghan,bhoulaghan6n@wsj.com
241,Merrili Gergher,mgergher6o@paginegialle.it
242,Erek Argont,eargont6p@timesonline.co.uk
243,Diego Trowell,dtrowell6q@apache.org
244,Duncan Hirjak,dhirjak6r@ucoz.ru
245,Shae Aloshechkin,saloshechkin6s@angelfire.com
246,Esmeralda Sommerville,esommerville6t@blogs.com
247,Iorgos Britnell,ibritnell6u@washingtonpost.com
248,Thorstein Huburn,thuburn6v@wsj.com
249,Skylar Seiler,sseiler6w@scientificamerican.com
250,Gabriella MacGinlay,gmacginlay6x@163.com
251,Farica Grey,fgrey6y@blogs.com
252,Aubry Sinyard,asinyard6z@fema.gov
253,Tim Fulstow,tfulstow70@msn.com
254,Read Cartwright,rcartwright71@google.ca
255,Chandal Senogles,csenogles72@purevolume.com
256,Otes Mulqueen,omulqueen73@nps.gov
257,Nap Jeayes,njeayes74@hugedomains.com
258,Niall Kenefick,nkenefick75@webnode.com
259,Desiree Krout,dkrout76@msu.edu
260,Idalina Filler,ifiller77@theguardian.com
261,Marga MacKeig,mmackeig78@alexa.com
262,Samuele Diment,sdiment79@storify.com
263,Isadora Radke,iradke7a@narod.ru
264,Stan Beaby,sbeaby7b@netvibes.com
265,Jennilee Jorge,jjorge7c@tripod.com
266,Jo Skahill,jskahill7d@msn.com
267,Trixy Lauritzen,tlauritzen7e@jalbum.net
268,Octavius Barhams,obarhams7f@cloudflare.com
269,Cassondra Shenfish,cshenfish7g@google.nl
270,Sidoney Cardoso,scardoso7h@census.gov
271,Arlen Lidgey,alidgey7i@time.com
272,Hunt Luckhurst,hluckhurst7j@friendfeed.com
273,Ulric Chantler,uchantler7k@elegantthemes.com
274,Donnamarie Ghiroldi,dghiroldi7l@dailymail.co.uk
275,Selinda Issitt,sissitt7m@soundcloud.com
276,Delores Spedroni,dspedroni7n@dell.com
277,Estella Bartocci,ebartocci7o@kickstarter.com
278,Hube Guilbert,hguilbert7p@europa.eu
279,Tatiana Zucker,tzucker7q@timesonline.co.uk
280,Lorain Heball,lheball7r@etsy.com
281,Sherie Elkins,selkins7s@vinaora.com
282,Clarance Brownsmith,cbrownsmith7t@geocities.jp
283,Stevy Batrick,sbatrick7u@samsung.com
284,Shaylyn Mulvihill,smulvihill7v@tripadvisor.com
285,Rayner Witchalls,rwitchalls7w@51.la
286,Almeta Keuntje,akeuntje7x@squarespace.com
287,Emiline Kos,ekos7y@merriam-webster.com
288,North Littler,nlittler7z@sbwire.com
289,Yardley Ravenshaw,yravenshaw80@bloglovin.com
290,Land Soreau,lsoreau81@ask.com
291,Moyna Blenkensop,mblenkensop82@drupal.org
292,Vidovic Eamer,veamer83@elegantthemes.com
293,Giovanni Camelli,gcamelli84@sohu.com
294,Corty Boumphrey,cboumphrey85@eventbrite.com
295,Salaidh Fawcus,sfawcus86@howstuffworks.com
296,Baird Wreight,bwreight87@fda.gov
297,Vivyanne Halladey,vhalladey88@blogtalkradio.com
298,Alexei Cosyns,acosyns89@va.gov
299,Tremain Ranstead,transtead8a@ihg.com
300,Larine Edden,ledden8b@va.gov
301,Richie Mulran,rmulran8c@spotify.com
302,Alfons Bruckental,abruckental8d@walmart.com
303,Feliza Shawel,fshawel8e@paginegialle.it
304,Waiter Avramchik,wavramchik8f@php.net
305,Nariko Hupe,nhupe8g@umn.edu
306,Wilow Pieters,wpieters8h@mashable.com
307,Rhianna Hullins,rhullins8i@ted.com
308,Hamil Davidofski,hdavidofski8j@xrea.com
309,Had McCarlich,hmccarlich8k@usnews.com
310,Dania Towell,dtowell8l@time.com
311,Eldin Coulthart,ecoulthart8m@storify.com
312,Estelle Sumbler,esumbler8n@usatoday.com
313,Mikkel Chilles,mchilles8o@illinois.edu
314,Kevin Burness,kburness8p@i2i.jp
315,Putnam O'Kynsillaghe,pokynsillaghe8q@dailymotion.com
316,Dosi Pattle,dpattle8r@edublogs.org
317,Laurent Watters,lwatters8s@exblog.jp
318,Kit Witham,kwitham8t@bloglines.com
319,Midge Mathonnet,mmathonnet8u@spotify.com
320,Umeko Farfull,ufarfull8v@geocities.jp
321,Wes Gresty,wgresty8w@flavors.me
322,Fannie Kenright,fkenright8x@google.es
323,Lisha Bezley,lbezley8y@usatoday.com
324,Selene Fri,sfri8z@hubpages.com
325,Morgen Crummy,mcrummy90@opera.com
326,Kikelia Keasy,kkeasy91@jiathis.com
327,Jessika Vasilischev,jvasilischev92@who.int
328,Analiese Darrington,adarrington93@home.pl
329,Dermot Belding,dbelding94@amazon.de
330,Jackie Buxton,jbuxton95@liveinternet.ru
331,Melanie Payze,mpayze96@pen.io
332,Rip Reims,rreims97@cnet.com
333,Wandie Jouannisson,wjouannisson98@google.com
334,Evelina DeSousa,edesousa99@admin.ch
335,Rachael Moxley,rmoxley9a@imdb.com
336,Ceil Minghella,cminghella9b@example.com
337,Bruis Roantree,broantree9c@homestead.com
338,Bennie Geldert,bgeldert9d@flavors.me
339,Ganny Cawthera,gcawthera9e@imageshack.us
340,Jyoti Bavister,jbavister9f@posterous.com
341,Jannel Riche,jriche9g@mlb.com
342,Baldwin Stenbridge,bstenbridge9h@dmoz.org
343,Waldon Vatini,wvatini9i@sogou.com
344,Arney Granger,agranger9j@people.com.cn
345,Tierney Headington,theadington9k@geocities.jp
346,Blythe Sutton,bsutton9l@google.it
347,Desdemona Gosforth,dgosforth9m@purevolume.com
348,Roxy Bridgwood,rbridgwood9n@instagram.com
349,Ignacio Southerton,isoutherton9o@spiegel.de
350,Katy Shord,kshord9p@gov.uk
351,Ringo Burniston,rburniston9q@mtv.com
352,Nannie Ratcliffe,nratcliffe9r@washington.edu
353,Devland Ormes,dormes9s@slideshare.net
354,Letitia Winch,lwinch9t@yolasite.com
355,Bob Cordel,bcordel9u@arstechnica.com
356,Ezequiel Bakes,ebakes9v@psu.edu
357,Reece Klimke,rklimke9w@blogger.com
358,Nevin Abramowsky,nabramowsky9x@eventbrite.com
359,Aggie Geaveny,ageaveny9y@woothemes.com
360,Ab Tillard,atillard9z@sphinn.com
361,Silvano Hearsum,shearsuma0@icq.com
362,Joel Denerley,jdenerleya1@t.co
363,Ruben Tarbath,rtarbatha2@ezinearticles.com
364,Randal Corneil,rcorneila3@google.co.jp
365,Fulvia Held,fhelda4@chicagotribune.com
366,Wainwright Giuron,wgiurona5@yellowbook.com
367,Trumann Cheves,tchevesa6@bbb.org
368,Kimmy Gibbonson,kgibbonsona7@blogs.com
369,Ondrea Filppetti,ofilppettia8@php.net
370,Mady Harral,mharrala9@cloudflare.com
371,Berry Ballister,bballisteraa@indiegogo.com
372,Mahmoud Woodhall,mwoodhallab@sciencedirect.com
373,Mirabel Levi,mleviac@discovery.com
374,Trudey Pitkeathley,tpitkeathleyad@adobe.com
375,Ranna Hizir,rhizirae@sphinn.com
376,Danika Bryan,dbryanaf@economist.com
377,Sophronia Nealey,snealeyag@parallels.com
378,Omero Vagges,ovaggesah@yandex.ru
379,Corty Callf,ccallfai@craigslist.org
380,Vincent Freegard,vfreegardaj@washington.edu
381,Reinaldos Brydone,rbrydoneak@about.me
382,Clarine Fould,cfouldal@archive.org
383,Rae Spires,rspiresam@unc.edu
384,Conan Rankling,cranklingan@sphinn.com
385,Madalyn Smittoune,msmittouneao@si.edu
386,Fidelio Boldero,fbolderoap@businesswire.com
387,Daphna Borleace,dborleaceaq@boston.com
388,Jarvis Airth,jairthar@si.edu
389,Hildagarde Bertram,hbertramas@umich.edu
390,Eben Rackham,erackhamat@businessinsider.com
391,Zorana Pecht,zpechtau@vk.com
392,Alexis Uttley,auttleyav@google.fr
393,Khalil Mynett,kmynettaw@ezinearticles.com
394,Chrotoem Chrichton,cchrichtonax@hao123.com
395,Duff Sweating,dsweatingay@typepad.com
396,Carlene Benck,cbenckaz@netscape.com
397,Wyatan Le Gassick,wleb0@youtu.be
398,Riane Aylen,raylenb1@homestead.com
399,Filbert Lowdwell,flowdwellb2@java.com
400,Brose Brave,bbraveb3@free.fr
401,Erinna Melsom,emelsomb4@sohu.com
402,Banky Jarmyn,bjarmynb5@comcast.net
403,Louis Mee,lmeeb6@mayoclinic.com
404,Herold Massingberd,hmassingberdb7@hibu.com
405,Darcee Canty,dcantyb8@twitter.com
406,Saxe Chugg,schuggb9@webnode.com
407,Chariot Shore,cshoreba@dedecms.com
408,Louis Newband,lnewbandbb@linkedin.com
409,Vernon Simnett,vsimnettbc@gov.uk
410,Karalynn Kennagh,kkennaghbd@cdc.gov
411,Brier Soppett,bsoppettbe@aol.com
412,Dacey Lander,dlanderbf@wikipedia.org
413,Korney Spensly,kspenslybg@globo.com
414,Debee Meldrum,dmeldrumbh@ibm.com
415,Arnold Courtonne,acourtonnebi@narod.ru
416,Katusha Lye,klyebj@wix.com
417,Herman Esplin,hesplinbk@trellian.com
418,Mellisa Burrows,mburrowsbl@nih.gov
419,Avery Bendan,abendanbm@yahoo.com
420,Emily Rawsen,erawsenbn@unblog.fr
421,Caresa Thorneley,cthorneleybo@chron.com
422,Seymour Bocke,sbockebp@mtv.com
423,Corly Bannerman,cbannermanbq@earthlink.net
424,Kelbee Moorton,kmoortonbr@goodreads.com
425,Mamie Beccles,mbecclesbs@xrea.com
426,Fernanda Cristofol,fcristofolbt@zdnet.com
427,Alex Shotter,ashotterbu@odnoklassniki.ru
428,Lyssa Ebden,lebdenbv@hhs.gov
429,Dionisio Sainsbury-Brown,dsainsburybrownbw@over-blog.com
430,Lanita Conyers,lconyersbx@pbs.org
431,Dorelia Ditzel,dditzelby@theglobeandmail.com
432,Konrad Illyes,killyesbz@nature.com
433,Henrik Bendelow,hbendelowc0@businesswire.com
434,Tammy Goodbarr,tgoodbarrc1@4shared.com
435,Germana Newport,gnewportc2@usgs.gov
436,Merell Houseago,mhouseagoc3@reverbnation.com
437,Rich Pestricke,rpestrickec4@bandcamp.com
438,Maia Brittlebank,mbrittlebankc5@drupal.org
439,Celeste Hutson,chutsonc6@opensource.org
440,Dario Jannex,djannexc7@china.com.cn
441,Miguela Celez,mcelezc8@purevolume.com
442,Horace Troman,htromanc9@netscape.com
443,Stormy Whitley,swhitleyca@addthis.com
444,Erminia Eisikowitz,eeisikowitzcb@auda.org.au
445,Cosimo Humm,chummcc@yahoo.co.jp
446,Tawsha Crawshaw,tcrawshawcd@shop-pro.jp
447,Essie Shillom,eshillomce@about.com
448,Val Orwin,vorwincf@over-blog.com
449,Rolph Hew,rhewcg@wired.com
450,Heloise Clapperton,hclappertonch@ftc.gov
451,Melony Filyushkin,mfilyushkinci@trellian.com
452,Sheff O'Rodane,sorodanecj@earthlink.net
453,Roseann Usmar,rusmarck@constantcontact.com
454,Davide Langhorn,dlanghorncl@psu.edu
455,Ulick Klimpke,uklimpkecm@privacy.gov.au
456,Helaine Clair,hclaircn@nba.com
457,Glad Mayoral,gmayoralco@smugmug.com
458,Reinald Leadbitter,rleadbittercp@typepad.com
459,Kittie Palffy,kpalffycq@ifeng.com
460,Renault Kinningley,rkinningleycr@jalbum.net
461,Melli Lardge,mlardgecs@wikimedia.org
462,Vasily Hedylstone,vhedylstonect@prlog.org
463,Sherm Twort,stwortcu@baidu.com
464,Sheree Ratie,sratiecv@xing.com
465,Jerrome Nestle,jnestlecw@blogger.com
466,Humfried Watkiss,hwatkisscx@51.la
467,Junette Scrimgeour,jscrimgeourcy@prnewswire.com
468,Damara Goodsell,dgoodsellcz@google.co.uk
469,Claretta Dossantos,cdossantosd0@irs.gov
470,Rockey Rubinsztein,rrubinszteind1@dion.ne.jp
471,Cecil Huckleby,chucklebyd2@japanpost.jp
472,Aldwin Holt,aholtd3@sphinn.com
473,Sheeree Randle,srandled4@goodreads.com
474,Friedrick O'Kerin,fokerind5@unblog.fr
475,Sly Splevin,ssplevind6@wufoo.com
476,Carlye Giacopetti,cgiacopettid7@washingtonpost.com
477,Garald Commuzzo,gcommuzzod8@cornell.edu
478,Winne Grix,wgrixd9@bravesites.com
479,Tobe Dybald,tdybaldda@sourceforge.net
480,Rikki Dudmarsh,rdudmarshdb@nydailynews.com
481,Barclay Spera,bsperadc@usgs.gov
482,Carver Patten,cpattendd@plala.or.jp
483,Trev Starbeck,tstarbeckde@go.com
484,Ludwig Slark,lslarkdf@techcrunch.com
485,Leon Jupp,ljuppdg@plala.or.jp
486,Clayton Manicomb,cmanicombdh@intel.com
487,Jaime Blaxill,jblaxilldi@behance.net
488,Niko Grunguer,ngrunguerdj@dailymotion.com
489,Pepito Van der Linde,pvandk@dell.com
490,Kathye Yallowley,kyallowleydl@answers.com
491,Torre Orrey,torreydm@hostgator.com
492,Ade Iston,aistondn@phpbb.com
493,Hillier Sealand,hsealanddo@whitehouse.gov
494,Janel Djokovic,jdjokovicdp@webeden.co.uk
495,Emily Kestin,ekestindq@aol.com
496,Vincent Geekin,vgeekindr@ocn.ne.jp
497,Thomas Lysons,tlysonsds@hibu.com
498,Marcus Feasby,mfeasbydt@usatoday.com
499,Sonya McCardle,smccardledu@webmd.com
500,Malvina Theunissen,mtheunissendv@privacy.gov.au
501,Lauree Coulson,lcoulsondw@discovery.com
502,Madlin Bramhill,mbramhilldx@phoca.cz
503,Zondra Zecchi,zzecchidy@sciencedaily.com
504,Corabel Plumb,cplumbdz@smh.com.au
505,Cicely Spera,csperae0@sourceforge.net
506,Charlie Ellif,cellife1@un.org
507,Meyer Adamides,madamidese2@archive.org
508,Jaimie Yarrell,jyarrelle3@cocolog-nifty.com
509,Elna Bamford,ebamforde4@github.com
510,Maridel Klementz,mklementze5@slate.com
511,Rodrigo Chestnut,rchestnute6@sitemeter.com
512,Deborah Haet,dhaete7@ihg.com
513,Ann-marie Littefair,alittefaire8@dedecms.com
514,Jeannine Warcop,jwarcope9@squarespace.com
515,Carine Lukes,clukesea@reddit.com
516,Cherianne Nunns,cnunnseb@abc.net.au
517,Elsbeth Skamell,eskamellec@sciencedirect.com
518,Peta Spyby,pspybyed@smugmug.com
519,Malynda Blacktin,mblacktinee@taobao.com
520,Kerwin Benley,kbenleyef@example.com
521,Donnajean Dilliway,ddilliwayeg@chron.com
522,Denise Edyson,dedysoneh@biglobe.ne.jp
523,Sharia Beesey,sbeeseyei@amazon.com
524,Garv Asch,gaschej@php.net
525,Derward Soper,dsoperek@moonfruit.com
526,Wilburt Glassman,wglassmanel@miibeian.gov.cn
527,Lilas Pearman,lpearmanem@goodreads.com
528,Hermina Kermott,hkermotten@yellowbook.com
529,Inigo Northin,inorthineo@livejournal.com
530,Barbabra Alflatt,balflattep@google.es
531,Gerik Coleborn,gcoleborneq@symantec.com
532,Kellby Mateescu,kmateescuer@intel.com
533,Ronny Ferrarini,rferrarinies@theguardian.com
534,Linoel Quinney,lquinneyet@google.com.au
535,Rodie Mowles,rmowleseu@technorati.com
536,Philbert Rosencwaig,prosencwaigev@eventbrite.com
537,Derwin Matzke,dmatzkeew@digg.com
538,Theresina Solman,tsolmanex@usnews.com
539,Marshal Rackley,mrackleyey@bizjournals.com
540,Linea Bencher,lbencherez@ow.ly
541,Valencia Cullabine,vcullabinef0@bloglines.com
542,Raye Deelay,rdeelayf1@answers.com
543,Teena Cruddace,tcruddacef2@yellowpages.com
544,Adrea Wychard,awychardf3@sohu.com
545,Tyrone MacCheyne,tmaccheynef4@geocities.jp
546,Ephrem Killelea,ekilleleaf5@va.gov
547,Mile Jupp,mjuppf6@shareasale.com
548,Denna Occleshaw,doccleshawf7@artisteer.com
549,Mignon Tripcony,mtripconyf8@biblegateway.com
550,Addi Lammers,alammersf9@alexa.com
551,Ana Sabie,asabiefa@wordpress.org
552,Freeman Ascough,fascoughfb@nature.com
553,Heindrick Myner,hmynerfc@google.ru
554,Tracie Warrilow,twarrilowfd@slate.com
555,Sherline Rannie,sranniefe@nsw.gov.au
556,Siegfried Greenlies,sgreenliesff@woothemes.com
557,Oren Spillane,ospillanefg@51.la
558,Swen Bassano,sbassanofh@ustream.tv
559,Verna Diment,vdimentfi@wufoo.com
560,Ariela Comettoi,acomettoifj@loc.gov
561,Welbie Aldis,waldisfk@chronoengine.com
562,Winthrop Gyer,wgyerfl@xing.com
563,Kirsten Shouler,kshoulerfm@earthlink.net
564,Richardo Dacke,rdackefn@foxnews.com
565,Jarad Fussey,jfusseyfo@paginegialle.it
566,Roy Schout,rschoutfp@google.ca
567,Cami Denniston,cdennistonfq@rediff.com
568,Fallon Rubertis,frubertisfr@howstuffworks.com
569,Bobbee Galiero,bgalierofs@yellowpages.com
570,Christalle Code,ccodeft@timesonline.co.uk
571,Poppy O'Shee,posheefu@cornell.edu
572,Cherise Tottle,ctottlefv@cisco.com
573,Adora Baughn,abaughnfw@twitter.com
574,Benetta Graffin,bgraffinfx@elegantthemes.com
575,Eldredge Sute,esutefy@fotki.com
576,Mathew Bly,mblyfz@omniture.com
577,Phil Humfrey,phumfreyg0@icq.com
578,Ollie Scalera,oscalerag1@apache.org
579,Marietta Norquay,mnorquayg2@techcrunch.com
580,Rhody Ghirigori,rghirigorig3@godaddy.com
581,Barrie Lockett,blockettg4@examiner.com
582,Francois Humberstone,fhumberstoneg5@fotki.com
583,Mari Crusham,mcrushamg6@exblog.jp
584,Lianne Giamuzzo,lgiamuzzog7@vistaprint.com
585,Frederique Flook,fflookg8@yellowpages.com
586,Padraic Mundwell,pmundwellg9@intel.com
587,Shauna Bidnall,sbidnallga@people.com.cn
588,Alameda Dormand,adormandgb@opera.com
589,Poppy Skarr,pskarrgc@meetup.com
590,Merell Toothill,mtoothillgd@nsw.gov.au
591,Shandra Waller-Bridge,swallerbridgege@cdbaby.com
592,Hillary Biffin,hbiffingf@home.pl
593,Valry Pearlman,vpearlmangg@nps.gov
594,Raleigh Rannigan,rrannigangh@chron.com
595,Jada Gatus,jgatusgi@dagondesign.com
596,Kalila Roston,krostongj@icq.com
597,Annis Agar,aagargk@ning.com
598,Earlie Bedenham,ebedenhamgl@uiuc.edu
599,Johnna Meeson,jmeesongm@tripadvisor.com
600,Jermain Frayn,jfrayngn@hubpages.com
601,Cate Tinmouth,ctinmouthgo@weather.com
602,Kelly Tritton,ktrittongp@oaic.gov.au
603,Dorolisa Scotter,dscottergq@jalbum.net
604,Bevon Kender,bkendergr@engadget.com
605,Suzann O'Quin,soquings@engadget.com
606,Herminia Water,hwatergt@histats.com
607,Tracy Lusk,tluskgu@liveinternet.ru
608,Carroll Dadds,cdaddsgv@boston.com
609,Roosevelt Tunno,rtunnogw@prlog.org
610,Kerrill Grisbrook,kgrisbrookgx@surveymonkey.com
611,Peadar Oldfield-Cherry,poldfieldcherrygy@princeton.edu
612,Hortense Northall,hnorthallgz@home.pl
613,Grantham Raysdale,graysdaleh0@hugedomains.com
614,Nick Goldsbury,ngoldsburyh1@nasa.gov
615,Gunner Ingerfield,gingerfieldh2@economist.com
616,Ruprecht Connold,rconnoldh3@reddit.com
617,Sileas Gethouse,sgethouseh4@t.co
618,Phoebe Phil,pphilh5@wiley.com
619,Luisa Dovermann,ldovermannh6@so-net.ne.jp
620,Ethan Bertl,ebertlh7@ovh.net
621,Carmina Kewzick,ckewzickh8@slideshare.net
622,Jackqueline McAvaddy,jmcavaddyh9@buzzfeed.com
623,Lotti Egalton,legaltonha@admin.ch
624,Nappy Barriball,nbarriballhb@wikimedia.org
625,Tabina Rubinlicht,trubinlichthc@timesonline.co.uk
626,Maurita Tatlowe,mtatlowehd@theglobeandmail.com
627,Julie Bossons,jbossonshe@amazon.com
628,Norry Surgenor,nsurgenorhf@indiatimes.com
629,Annabel Plaid,aplaidhg@earthlink.net
630,Melesa Sommerled,msommerledhh@imgur.com
631,Taryn Matsell,tmatsellhi@go.com
632,Thor Willmett,twillmetthj@flavors.me
633,Alley Kulis,akulishk@oracle.com
634,Warren De Bruijn,wdehl@huffingtonpost.com
635,Euphemia Belliss,ebellisshm@imgur.com
636,Ilka Flaubert,iflauberthn@qq.com
637,Terry Coatsworth,tcoatsworthho@examiner.com
638,Patton Duffer,pdufferhp@skype.com
639,Patrizio Samwaye,psamwayehq@jigsy.com
640,Eugenia Rives,eriveshr@mit.edu
641,Abbott Dowsett,adowsetths@un.org
642,Bobbette Beaufoy,bbeaufoyht@about.me
643,Crissy McGown,cmcgownhu@geocities.jp
644,Arie Ayto,aaytohv@noaa.gov
645,Ladonna Hamlen,lhamlenhw@salon.com
646,Arlena Strachan,astrachanhx@nih.gov
647,Starla Blazejewski,sblazejewskihy@cargocollective.com
648,Bessy Ness,bnesshz@eventbrite.com
649,Bealle Stracey,bstraceyi0@hibu.com
650,Jeannette Alldis,jalldisi1@yale.edu
651,Kira Balmann,kbalmanni2@yelp.com
652,Stanley Nordass,snordassi3@yelp.com
653,Richart Slowey,rsloweyi4@huffingtonpost.com
654,Margareta Kennermann,mkennermanni5@amazon.de
655,Shayne McGaw,smcgawi6@sourceforge.net
656,Dew Pietasch,dpietaschi7@cnbc.com
657,Shannon Marczyk,smarczyki8@discuz.net
658,Dominica McKeowon,dmckeowoni9@comcast.net
659,Udell Aspy,uaspyia@plala.or.jp
660,Agustin Monk,amonkib@house.gov
661,Rick Conen,rconenic@w3.org
662,Aime Rosario,arosarioid@github.io
663,Delmar Gellion,dgellionie@desdev.cn
664,Shep Giaomozzo,sgiaomozzoif@census.gov
665,Allan Brodeau,abrodeauig@storify.com
666,Dolli Diboll,ddibollih@bandcamp.com
667,Ynes Brash,ybrashii@google.pl
668,Ofelia Kildea,okildeaij@wikispaces.com
669,Nanette Capron,ncapronik@ifeng.com
670,Kleon Talby,ktalbyil@boston.com
671,Evelina Ipwell,eipwellim@nih.gov
672,Farrand Hawkwood,fhawkwoodin@wordpress.org
673,Lemmie Perren,lperrenio@soup.io
674,Jordan Jeggo,jjeggoip@google.it
675,Barty MacAlpine,bmacalpineiq@typepad.com
676,Joete Reicharz,jreicharzir@sciencedaily.com
677,Fifi Govini,fgoviniis@goodreads.com
678,Arabella Gergler,agerglerit@purevolume.com
679,Nelli Tingly,ntinglyiu@java.com
680,Fremont Kusick,fkusickiv@sitemeter.com
681,Kayle Selvey,kselveyiw@dion.ne.jp
682,Artus Kearey,akeareyix@wisc.edu
683,Libbi Kiely,lkielyiy@moonfruit.com
684,Franklin Siggin,fsigginiz@shareasale.com
685,Dona Moseley,dmoseleyj0@marriott.com
686,Dori Thirsk,dthirskj1@linkedin.com
687,Rayner Sauvan,rsauvanj2@google.co.jp
688,Rhodie Heffernon,rheffernonj3@opera.com
689,Nell Kunrad,nkunradj4@webnode.com
690,Elijah Hellikes,ehellikesj5@engadget.com
691,Imojean Hoffner,ihoffnerj6@joomla.org
692,Kelvin Squibbes,ksquibbesj7@wix.com
693,Averil Rosenbusch,arosenbuschj8@japanpost.jp
694,Caldwell Blanking,cblankingj9@mediafire.com
695,Thorndike Ofener,tofenerja@washingtonpost.com
696,Dosi Bandiera,dbandierajb@state.gov
697,Friederike Seadon,fseadonjc@wired.com
698,Theressa Fobidge,tfobidgejd@g.co
699,Boonie Cartmel,bcartmelje@ask.com
700,Christophe Sandell,csandelljf@paginegialle.it
701,Lynelle Gwinn,lgwinnjg@ucoz.ru
702,Frederik Piggot,fpiggotjh@reverbnation.com
703,Camala Cotillard,ccotillardji@columbia.edu
704,Edithe De Biasio,edejj@foxnews.com
705,Reinaldo Duncan,rduncanjk@istockphoto.com
706,Ruthanne Shillan,rshillanjl@jimdo.com
707,Gladys Bayston,gbaystonjm@ucsd.edu
708,Simonne Tutchell,stutchelljn@eventbrite.com
709,Annis Joisce,ajoiscejo@ebay.co.uk
710,Henderson Jamot,hjamotjp@yolasite.com
711,Arvy Duplan,aduplanjq@prnewswire.com
712,Bron Brandenberg,bbrandenbergjr@arstechnica.com
713,Michael Maciaszczyk,mmaciaszczykjs@mac.com
714,Maggee Stollery,mstolleryjt@sun.com
715,Efren Spittles,espittlesju@kickstarter.com
716,Gretchen Sheringham,gsheringhamjv@hexun.com
717,Buddy Mountjoy,bmountjoyjw@skyrock.com
718,Butch Hutton,bhuttonjx@spotify.com
719,Krisha Maykin,kmaykinjy@yale.edu
720,Leeland Di Boldi,ldijz@wp.com
721,Laurette Szachniewicz,lszachniewiczk0@apple.com
722,Dillon Simenet,dsimenetk1@printfriendly.com
723,Jessika Endle,jendlek2@123-reg.co.uk
724,Devon Veysey,dveyseyk3@twitpic.com
725,Sari Hacker,shackerk4@squidoo.com
726,Thatch Kibble,tkibblek5@amazon.com
727,Augie Ohlsen,aohlsenk6@macromedia.com
728,Stanislaus Cantos,scantosk7@pinterest.com
729,Catharine Crut,ccrutk8@europa.eu
730,Drona Lowater,dlowaterk9@paypal.com
731,Selia Phibb,sphibbka@tiny.cc
732,Sunny Pirolini,spirolinikb@apple.com
733,Minor Sanderson,msandersonkc@ning.com
734,Charmion Hullins,chullinskd@barnesandnoble.com
735,Holly-anne Sisselot,hsisselotke@google.nl
736,Dru Kondratovich,dkondratovichkf@mail.ru
737,Charlotte Calafato,ccalafatokg@cloudflare.com
738,Milt Sutherby,msutherbykh@netvibes.com
739,Boonie Renfree,brenfreeki@blogspot.com
740,Harbert MacAless,hmacalesskj@webeden.co.uk
741,Bibbie Maith,bmaithkk@vkontakte.ru
742,Ashlee Entwisle,aentwislekl@addtoany.com
743,Jack Blazdell,jblazdellkm@ucsd.edu
744,Trip Besson,tbessonkn@scribd.com
745,Georgy Andreuzzi,gandreuzziko@fc2.com
746,Osborne Perritt,operrittkp@blogs.com
747,Dore Ritch,dritchkq@rediff.com
748,Matteo Ioannidis,mioannidiskr@angelfire.com
749,Brent O'Hanlon,bohanlonks@baidu.com
750,Dennison Waples,dwapleskt@moonfruit.com
751,Feodor Poel,fpoelku@bizjournals.com
752,Dyanna Raithby,draithbykv@facebook.com
753,Vivienne Tinston,vtinstonkw@yelp.com
754,Ruby Monkman,rmonkmankx@reddit.com
755,Wini Ornells,wornellsky@epa.gov
756,Cathy Van de Vlies,cvankz@altervista.org
757,Marne Monkhouse,mmonkhousel0@pen.io
758,Joelie Mountney,jmountneyl1@smugmug.com
759,Dallis Baskett,dbaskettl2@liveinternet.ru
760,Hurlee Sayburn,hsayburnl3@ameblo.jp
761,Merci Lougheid,mlougheidl4@twitter.com
762,Briana Mathison,bmathisonl5@buzzfeed.com
763,Kort Lorraine,klorrainel6@marketwatch.com
764,Amery Chevalier,achevalierl7@msu.edu
765,Gerri Martonfi,gmartonfil8@tiny.cc
766,Urson Crowcombe,ucrowcombel9@netvibes.com
767,Hilly Sharpling,hsharplingla@businessinsider.com
768,Lindsey Urling,lurlinglb@bizjournals.com
769,Brianna Behnen,bbehnenlc@deviantart.com
770,Jake Gott,jgottld@jalbum.net
771,Westley Spire,wspirele@wikipedia.org
772,Alida Candlish,acandlishlf@mlb.com
773,Modestine Van Arsdall,mvanlg@webnode.com
774,Susette Pinnion,spinnionlh@lulu.com
775,Fredelia Levi,flevili@shutterfly.com
776,Donal Dudderidge,ddudderidgelj@a8.net
777,Karole Tootal,ktootallk@nbcnews.com
778,Margarette Coupland,mcouplandll@stumbleupon.com
779,Wilmer Aronowicz,waronowiczlm@nba.com
780,Cecilio Hatrick,chatrickln@nymag.com
781,Melisse Kamenar,mkamenarlo@prlog.org
782,Lauralee Pegram,lpegramlp@prnewswire.com
783,Barbara MacVagh,bmacvaghlq@ftc.gov
784,Garik Borgesio,gborgesiolr@topsy.com
785,Waylen Gozzett,wgozzettls@wp.com
786,Bondon Culross,bculrosslt@yelp.com
787,Dayna Bamblett,dbamblettlu@bloglines.com
788,Edan Baike,ebaikelv@elegantthemes.com
789,Mace Carratt,mcarrattlw@webmd.com
790,Danni Christall,dchristalllx@cloudflare.com
791,Aubrie Conre,aconrely@yale.edu
792,Arnaldo Auston,aaustonlz@shareasale.com
793,Amara Stillmann,astillmannm0@ustream.tv
794,Early Bolino,ebolinom1@pen.io
795,Darby Longstreet,dlongstreetm2@yelp.com
796,Olva Pietroni,opietronim3@globo.com
797,Mercedes Kippen,mkippenm4@goo.ne.jp
798,Hastie Bleythin,hbleythinm5@shutterfly.com
799,Cherey Kaysor,ckaysorm6@blinklist.com
800,Marya Craft,mcraftm7@spiegel.de
801,Noach Bettley,nbettleym8@unesco.org
802,Gaye Mulvenna,gmulvennam9@amazonaws.com
803,Twyla Deas,tdeasma@examiner.com
804,Martha Vears,mvearsmb@plala.or.jp
805,Alphonso Tace,atacemc@slashdot.org
806,Dalenna Isard,disardmd@msu.edu
807,Candra Portam,cportamme@usa.gov
808,Bobbette Blanko,bblankomf@rambler.ru
809,Ailene Tipens,atipensmg@seesaa.net
810,Dolf Goede,dgoedemh@g.co
811,Rolf Batchelour,rbatchelourmi@ucoz.com
812,Audrye Berndtsson,aberndtssonmj@wiley.com
813,Gilbertine Clayden,gclaydenmk@about.com
814,Bart Colbourn,bcolbournml@mozilla.com
815,Ambrosius Corrington,acorringtonmm@ftc.gov
816,Hilliary Woolerton,hwoolertonmn@opensource.org
817,Ignaz Sommerling,isommerlingmo@dagondesign.com
818,Farlie Bayns,fbaynsmp@nasa.gov
819,Stefan Sowter,ssowtermq@blogtalkradio.com
820,Shelby Traill,straillmr@newsvine.com
821,Em Martygin,emartyginms@mit.edu
822,Franciskus Hext,fhextmt@dot.gov
823,Elvin Robley,erobleymu@a8.net
824,Jessi Manhare,jmanharemv@baidu.com
825,Berny Witheford,bwithefordmw@paginegialle.it
826,Teresa Woodington,twoodingtonmx@soundcloud.com
827,Jeanette Colnet,jcolnetmy@java.com
828,Parnell Dykins,pdykinsmz@deviantart.com
829,Maureen McLevie,mmclevien0@phoca.cz
830,Bonita Lodder,bloddern1@geocities.com
831,Haven Rolston,hrolstonn2@discovery.com
832,Ronna Huckabe,rhuckaben3@hao123.com
833,Cosetta Carrodus,ccarrodusn4@biglobe.ne.jp
834,Bradan Chetwynd,bchetwyndn5@wufoo.com
835,Constantine Gatrill,cgatrilln6@ustream.tv
836,Farley Linneman,flinnemann7@google.com.au
837,Bendite Simonelli,bsimonellin8@usda.gov
838,Clovis Clubbe,cclubben9@google.de
839,Malena Quakley,mquakleyna@bigcartel.com
840,Hedwig Benardette,hbenardettenb@sohu.com
841,Ingamar Carlo,icarlonc@mozilla.org
842,Gabie Christophe,gchristophend@symantec.com
843,Rozanne Fussey,rfusseyne@google.co.jp
844,Hewitt Laughton,hlaughtonnf@opensource.org
845,Vernen Benterman,vbentermanng@reddit.com
846,Garreth Treby,gtrebynh@walmart.com
847,Neddy Lynde,nlyndeni@phpbb.com
848,Sinclair Oakinfold,soakinfoldnj@skyrock.com
849,Pansie Trimnell,ptrimnellnk@state.tx.us
850,Lorain Goodhew,lgoodhewnl@businessinsider.com
851,Mallorie Dales,mdalesnm@umn.edu
852,Nevile Gilby,ngilbynn@cargocollective.com
853,Holly-anne Okenfold,hokenfoldno@columbia.edu
854,Tabbie Pfertner,tpfertnernp@sbwire.com
855,Roseanna Sealove,rsealovenq@homestead.com
856,Roxine Windebank,rwindebanknr@yahoo.com
857,Clareta Oldacre,coldacrens@elegantthemes.com
858,Devondra Slorance,dslorancent@businessweek.com
859,Arlen Foyster,afoysternu@slashdot.org
860,Silvanus Kubczak,skubczaknv@hugedomains.com
861,Karrie Lodewick,klodewicknw@elegantthemes.com
862,Rani Skase,rskasenx@europa.eu
863,Adolphus Douce,adouceny@blogspot.com
864,Morgan Gatland,mgatlandnz@topsy.com
865,Lora Stollenhof,lstollenhofo0@theglobeandmail.com
866,Sander Sackes,ssackeso1@github.com
867,Ogdan Crake,ocrakeo2@nba.com
868,Madalena Neal,mnealo3@mayoclinic.com
869,Lurline Haward,lhawardo4@simplemachines.org
870,Bernadina Pingston,bpingstono5@shareasale.com
871,Joyann Di Batista,jdio6@theglobeandmail.com
872,Florence Pittham,fpitthamo7@cornell.edu
873,Marshal Vevers,mveverso8@networkadvertising.org
874,Eddie Sarney,esarneyo9@skype.com
875,Obadias McQuarrie,omcquarrieoa@tinypic.com
876,Shayne Kits,skitsob@hud.gov
877,Wenda Blackledge,wblackledgeoc@weibo.com
878,Marget Creyke,mcreykeod@berkeley.edu
879,Cash Hutable,chutableoe@webmd.com
880,Bartolomeo Rojas,brojasof@tmall.com
881,Celeste Clement,cclementog@youtube.com
882,Mady Juhruke,mjuhrukeoh@themeforest.net
883,Fee Adderson,faddersonoi@mapy.cz
884,Tybie Richie,trichieoj@msn.com
885,Humfried Casajuana,hcasajuanaok@yolasite.com
886,Brooks Ruffey,bruffeyol@purevolume.com
887,Husain Elcock,helcockom@npr.org
888,Guillema Murrie,gmurrieon@cnbc.com
889,Veronika Harg,vhargoo@accuweather.com
890,Bridget Sprankling,bspranklingop@over-blog.com
891,Germana Farebrother,gfarebrotheroq@squarespace.com
892,Ethan Hicken,ehickenor@google.ru
893,Caz Calverd,ccalverdos@aol.com
894,Elisha Cameli,ecameliot@army.mil
895,Merilee Bench,mbenchou@youku.com
896,Pooh Alexandersson,palexanderssonov@umn.edu
897,Uriah Whitemarsh,uwhitemarshow@yandex.ru
898,Elysee Pixton,epixtonox@mashable.com
899,Hali Lilley,hlilleyoy@github.com
900,Noble Heinke,nheinkeoz@ameblo.jp
901,Florina Longson,flongsonp0@wikia.com
902,Ludovico Andreotti,landreottip1@comsenz.com
903,Violante Cazin,vcazinp2@noaa.gov
904,Nona Travers,ntraversp3@icio.us
905,Magnum Fosdike,mfosdikep4@moonfruit.com
906,Farley Shadwick,fshadwickp5@storify.com
907,Ahmed Petschel,apetschelp6@linkedin.com
908,Alys Heatlie,aheatliep7@angelfire.com
909,Briano West-Frimley,bwestfrimleyp8@ustream.tv
910,Raleigh Sheers,rsheersp9@skyrock.com
911,Gasper Kingswold,gkingswoldpa@admin.ch
912,Darelle Dengel,ddengelpb@sitemeter.com
913,Aldous Amies,aamiespc@ocn.ne.jp
914,Towney Seefeldt,tseefeldtpd@vk.com
915,Rodrique Ducker,rduckerpe@themeforest.net
916,Miran Filpi,mfilpipf@guardian.co.uk
917,Gael Slainey,gslaineypg@163.com
918,Arvie Payfoot,apayfootph@illinois.edu
919,Sterne Brain,sbrainpi@g.co
920,Alley Durtnal,adurtnalpj@forbes.com
921,Salmon Schoular,sschoularpk@mozilla.com
922,Katha Daldan,kdaldanpl@intel.com
923,Christy Tipping,ctippingpm@t-online.de
924,Malia Bithell,mbithellpn@netscape.com
925,Lesya Bail,lbailpo@geocities.com
926,Deonne Maffioni,dmaffionipp@google.co.jp
927,Ebenezer Bibb,ebibbpq@comsenz.com
928,Melody Pidcock,mpidcockpr@gnu.org
929,Myles Johnys,mjohnysps@shutterfly.com
930,Natalina Freiburger,nfreiburgerpt@paginegialle.it
931,Myrlene Gayton,mgaytonpu@bloomberg.com
932,Kellsie Scullard,kscullardpv@pcworld.com
933,Ricard Guttridge,rguttridgepw@slate.com
934,Torey Cranch,tcranchpx@google.co.uk
935,Minetta Snarr,msnarrpy@kickstarter.com
936,Gae Calbert,gcalbertpz@theguardian.com
937,Shelby Maddrah,smaddrahq0@theguardian.com
938,Alfonso Faires,afairesq1@hugedomains.com
939,Nanette Quayle,nquayleq2@netlog.com
940,Teddie Brazenor,tbrazenorq3@ihg.com
941,Garwin Lorking,glorkingq4@xrea.com
942,Larisa Itschakov,litschakovq5@squarespace.com
943,Carry D'Souza,cdsouzaq6@flavors.me
944,Tymon Evert,tevertq7@nyu.edu
945,Fernande Jillitt,fjillittq8@pbs.org
946,Alex Sodeau,asodeauq9@prweb.com
947,Martita Morratt,mmorrattqa@adobe.com
948,Edgardo Loosely,elooselyqb@harvard.edu
949,Boyd Elcock,belcockqc@seesaa.net
950,Marilin Devons,mdevonsqd@hugedomains.com
951,Mersey Iston,mistonqe@amazon.co.jp
952,Freddie Jelly,fjellyqf@tamu.edu
953,Aidan Tupling,atuplingqg@telegraph.co.uk
954,Cally Delion,cdelionqh@kickstarter.com
955,Creight Willoughway,cwilloughwayqi@usgs.gov
956,Hollie Frankiewicz,hfrankiewiczqj@i2i.jp
957,Del Bernard,dbernardqk@1und1.de
958,Blayne Yukhnevich,byukhnevichql@boston.com
959,Davidson Gansbuhler,dgansbuhlerqm@archive.org
960,Ottilie Snelle,osnelleqn@clickbank.net
961,Nelle Bewly,nbewlyqo@shop-pro.jp
962,Maudie Karleman,mkarlemanqp@reverbnation.com
963,Paola Seear,pseearqq@ifeng.com
964,Hamlin Hellyar,hhellyarqr@w3.org
965,Cross Kinforth,ckinforthqs@shinystat.com
966,Titus Michelmore,tmichelmoreqt@chronoengine.com
967,Rickert Urian,rurianqu@barnesandnoble.com
968,Penrod Duckett,pduckettqv@dyndns.org
969,Dov Mitrovic,dmitrovicqw@craigslist.org
970,Devonna Davidovitz,ddavidovitzqx@cbsnews.com
971,Maiga Yakushkev,myakushkevqy@auda.org.au
972,Dody Killigrew,dkilligrewqz@domainmarket.com
973,Hendrick Cartwight,hcartwightr0@psu.edu
974,Cassandra Dole,cdoler1@upenn.edu
975,Stanly Deelay,sdeelayr2@meetup.com
976,Rosella Maffiotti,rmaffiottir3@creativecommons.org
977,Lindsay Keppe,lkepper4@issuu.com
978,Shelia Cathee,scatheer5@furl.net
979,Stacee Keedy,skeedyr6@amazonaws.com
980,Ninetta Rembrandt,nrembrandtr7@goo.gl
981,Kriste Fonte,kfonter8@house.gov
982,Mannie Coleson,mcolesonr9@devhub.com
983,Eve Wennington,ewenningtonra@nydailynews.com
984,Cornelius Prantoni,cprantonirb@ocn.ne.jp
985,Ade Klejin,aklejinrc@ovh.net
986,Brennan Goatman,bgoatmanrd@artisteer.com
987,Lana Allmann,lallmannre@tinyurl.com
988,Fanny Elsip,felsiprf@miitbeian.gov.cn
989,Marjorie Week,mweekrg@liveinternet.ru
990,Valentine McPherson,vmcphersonrh@shareasale.com
991,Winne Dyet,wdyetri@facebook.com
992,Danice Scholefield,dscholefieldrj@umich.edu
993,Tallie Cobleigh,tcobleighrk@jimdo.com
994,Teirtza McGiffin,tmcgiffinrl@1und1.de
995,Erskine Kimmons,ekimmonsrm@github.io
996,Meghan Van Castele,mvanrn@homestead.com
997,Katalin de Cullip,kdero@stanford.edu
998,Duke Moulson,dmoulsonrp@cloudflare.com
999,Chelsey Geck,cgeckrq@tuttocitta.it
1000,Giacomo Reimer,greimerrr@stumbleupon.com
